county,year,total_population,children_under_5,working_age,elderly_65plus,sex_ratio,dependency_ratio,child_dependency_ratio,elderly_dependency_ratio,pct_children,pct_elderly
Baringo,2021,681952.8442230225,101218.939453125,358572.82373046875,19207.84666442871,102.26854862743768,33.58502879963816,28.228279656020177,5.356749143617985,14.84251298466949,2.816594553002124
Bomet,2021,930724.6636962892,122395.767578125,519002.7451171875,24605.57678222656,99.27747007839388,28.323808639424364,23.58287479779877,4.740933841625592,13.150588176318571,2.64370095066652
Bungoma,2021,2059308.5371704104,277789.009765625,1100257.072265625,55367.01763916016,94.95692905157269,30.279835122418948,25.247645915477555,5.032189206941394,13.48943127032924,2.688621769870246
Busia,2021,940737.0647888184,124245.3779296875,510899.62109375,29383.09701538086,91.79248712060873,30.07018768504382,24.31894109917308,5.751246585870743,13.20723745030486,3.1234122811964395
Elgeyo-Marakwet,2021,429897.947265625,59898.1875,235515.2841796875,13347.9228515625,100.5989316878943,31.10036387094055,25.432823907216317,5.66753996372424,13.933117820399865,3.104904998142524
Embu,2021,656693.8172912598,69031.26171875,419801.5102539063,30725.86953735352,100.75568572229808,23.76292815044137,16.44378593993104,7.319142210510334,10.51194025299205,4.678872973723436
Garissa,2021,1043862.9110717772,158393.595703125,525647.3725585938,17423.388122558594,113.98975381723211,33.447705249603494,30.133051922649702,3.314653326953787,15.173792844167222,1.6691260832966353
Homa Bay,2021,1147328.4153137207,164364.83203125,598649.970703125,36706.1594543457,91.79376836941432,33.587405216011994,27.45591582309786,6.131489392914138,14.325874774600328,3.1992722366515194
Isiolo,2021,387405.7144165039,61025.2412109375,202703.1171875,8466.246643066406,110.16830121823472,34.282397240948406,30.105724104128733,4.176673136819669,15.752282152794637,2.1853695823299746
Kajiado,2021,1449325.840927124,208110.5859375,875122.041015625,22211.120223999023,100.67871142343644,26.31880987641433,23.78075013354443,2.5380597428699034,14.35913029773712,1.5325139176288145
Kakamega,2021,1601331.6829833984,202169.115234375,870195.6513671875,54133.68200683594,92.67112047063144,29.453467945803546,23.23260463514633,6.220863310657215,12.625061839638311,3.3805414944379866
Kericho,2021,940156.4408569336,118988.8896484375,544159.4184570312,25197.816345214844,100.77996150529336,26.49714423807916,21.86654969343938,4.63059454463978,12.656286175094596,2.68017270851727
Kiambu,2021,2885358.7883911133,345086.734375,1926344.5625,68793.35870361328,97.81740850806288,21.485257681080785,17.91407109053991,3.571186590540875,11.9599245599339,2.384221989320528
Kilifi,2021,1611039.8990783691,230947.111328125,885874.1005859375,45298.62466430664,94.76799021397328,31.18340809486544,26.06996989474817,5.1134382001172725,14.33528191699308,2.8117630538027467
Kirinyaga,2021,900004.9210510254,87141.0693359375,598972.341796875,44214.06069946289,98.43019496202636,21.930082721573456,14.54842957765302,7.381653143920437,9.682288096177762,4.912646549513277
Kisii,2021,1266089.4833984375,149499.3212890625,713603.294921875,42100.53125,92.24347145935732,26.849631146958025,20.94992026423163,5.899710882726397,11.807958540795743,3.325241367379006
Kisumu,2021,1259052.4340820312,159751.408203125,728608.0966796875,36244.92919921875,95.40280526849448,26.90010422551043,21.92556038439898,4.9745438411114495,12.688225198468317,2.878746604834194
Kitui,2021,1153094.9035644531,133827.630859375,646924.373046875,53150.594970703125,93.79426629020588,28.90264049713428,20.686750481988422,8.215890015145854,11.605951118653488,4.609385992983207
Kwale,2021,979526.990600586,152993.00390625,513377.7607421875,27450.96032714844,96.81262243240444,35.14837962059976,29.80125272373872,5.347126896861043,15.619069752477577,2.8024710488393167
Laikipia,2021,568732.7918243408,75264.19140625,332226.49658203125,20302.59992980957,100.87721975258457,28.76555371689411,22.65448186119202,6.111071855702088,13.233664822600232,3.5697959079666086
Lamu,2021,168000.64891815186,22804.11108398437,97504.68969726562,4842.157707214356,112.77669999443847,28.353783676493283,23.387706944955163,4.966076731538121,13.57382321487002,2.8822255975769497
Machakos,2021,1618010.6434326172,176811.423828125,1033491.259765625,59909.53796386719,101.41218945734968,22.90497955886688,17.108168275000434,5.796811283866441,10.927704619607368,3.7026664940082727
Makueni,2021,1005518.5469360352,102696.087890625,604014.4228515625,49687.594787597656,99.0014875520806,25.22848410784906,17.00225756295603,8.226226544893029,10.2132465088342,4.94148963626809
Mandera,2021,937216.2115478516,179714.869140625,414935.6689453125,9921.782836914062,100.76468634880274,45.70266336937466,43.31150165938397,2.3911617099906946,19.17539057970609,1.0586439622643558
Marsabit,2021,550371.4979553223,84726.208984375,281641.74609375,12195.109283447266,113.64179341257685,34.41298018212119,30.082972485255155,4.3300076968660335,15.394367131862788,2.215795935791216
Meru,2021,1584357.5551757812,181753.3984375,964879.125,64578.85986328125,99.4187991016544,25.52985673731736,18.836908554478264,6.6929481828390935,11.471741201583429,4.0760281448032325
Migori,2021,1236066.456115723,186064.25,638125.9990234375,29439.86334228516,93.14078710012784,33.77140465552008,29.1579171330968,4.6134875224232745,15.052932557097105,2.3817379071023788
Mombasa,2021,1354572.0966033936,170945.11328125,896922.1962890625,18659.04093933105,103.69176776267852,21.13942045419901,19.059079370375773,2.080341083823236,12.619860818770515,1.3774859962137735
Murang'a,2021,1054409.2012329102,115419.486328125,644298.19921875,65183.51959228516,98.93560729269907,28.03096549693947,17.91398555328542,10.11697994365405,10.94636562286882,6.181994572511954
Nairobi,2021,5304513.073028564,656273.953125,3637882.4453125,51348.79959106445,100.9461191174618,19.451501343256805,18.039998900201542,1.4115024430552623,12.371992378752047,0.968020982965498
Nakuru,2021,2452295.315612793,320920.12890625,1467946.1796875,60683.80389404297,100.2213438118863,25.995771376409028,21.86184570980445,4.133925666604581,13.086520488094507,2.4745716189927545
Nandi,2021,934156.0889892578,115844.1142578125,540306.1723632812,27695.454711914062,99.75314554136769,26.566338922594436,21.440457315361435,5.125881607233,12.40093766162291,2.9647566438152864
Narok,2021,1370963.4425048828,228091.310546875,680590.9296875,24921.66320800781,100.46561237525816,37.175484232658846,33.51371588974972,3.6617683429091294,16.637300709501787,1.817821134783399
Nyamira,2021,581896.9125671387,65157.06005859375,331804.552734375,21269.42086791992,92.8266591087648,26.04740658748649,19.637180840841268,6.410225746645219,11.197354488639943,3.655187097330728
Nyandarua,2021,632090.289855957,72174.025390625,380779.84130859375,25664.47393798828,97.78274446588468,25.69424342223055,18.95426636625265,6.739977055977901,11.418309464471012,4.060254420905088
Nyeri,2021,745977.0468444824,75296.46728515625,480414.5205078125,42672.03170776367,97.94526265027106,24.55556482102658,15.67322886193482,8.882335959091757,10.093670791033558,5.720287492526526
Samburu,2021,356952.5718078613,60453.69384765625,174214.56396484375,7740.378448486328,102.7414895232479,39.143726416526256,34.70071185314663,4.44301456337963,16.936057790948475,2.1684613194642512
Siaya,2021,1063102.5363769531,136146.6884765625,573939.5966796875,46617.165283203125,91.14684854916626,31.84374363035369,23.72143153464026,8.12231209571343,12.806543472330484,4.385011199585144
Taita Taveta,2021,364934.3810272217,43405.7001953125,224299.92578125,15245.17887878418,104.34951492143516,26.14841662109881,19.351633775235484,6.796782845863329,11.894110955819952,4.177512361502324
Tana River,2021,668843.0660400391,113753.7578125,331527.50244140625,14113.911254882812,104.794770779168,38.5692493460575,34.31201241972517,4.257236926332315,17.007540869937095,2.110197738678195
Tharaka-Nithi,2021,332252.58140563965,35962.436767578125,201785.5849609375,17046.008895874023,97.6726075387148,26.269689023481902,17.82210397959789,8.447585043884013,10.823824638302028,5.130436857332626
Trans Nzoia,2021,1047640.837249756,142620.9736328125,574462.0263671875,26577.47006225586,98.05396716910036,29.453373056710845,24.82687577014034,4.626497286570504,13.613537059820809,2.536887558910596
Turkana,2021,992471.577545166,145811.25390625,526771.3862304688,18262.453033447266,107.32161981684534,31.147042384704065,27.680177344039684,3.466865040664381,14.691730947792742,1.8400983410143212
Uasin Gishu,2021,1303644.615661621,162698.873046875,796022.3251953125,28466.487731933597,100.46532075253116,24.0150752972794,20.438983668825507,3.5760916284538933,12.480308750732856,2.183607970296904
Vihiga,2021,566868.2031555176,65269.08203125,311911.4228515625,31161.62405395508,92.64353933702864,30.91605469386612,20.92551835214811,9.990536341718007,11.51397832299014,5.49715504953204
Wajir,2021,835943.9398193359,135740.6435546875,408402.4328613281,9092.824340820312,113.90995978277827,35.46341947103082,33.23698211190085,2.2264373591299726,16.23800796785772,1.0877313546630236
West Pokot,2021,715030.4447784424,133285.1015625,337871.3046875,15502.272903442385,98.83766633999932,44.0367004838002,39.44848222188519,4.588218261915011,18.64047923215345,2.16805774028907
Baringo,2022,694676.5583648682,101575.568359375,369362.6015625,19919.638442993164,102.20364257502578,32.89320745749889,27.50023091934156,5.39297653815733,14.621994529146612,2.867469501184849
Bomet,2022,948116.2758789062,122732.7666015625,534192.3686523438,25497.60546875,99.21500454732724,27.74850049697769,22.97538748282604,4.773113014151654,12.944906624220632,2.6892909780621217
Bungoma,2022,2097771.127563477,278617.59765625,1133398.333984375,57456.78967285156,94.87625195991195,29.6519217694328,24.58249578299548,5.069425986437321,13.281601314622884,2.738944631180361
Busia,2022,958340.3802490234,124568.947265625,526120.0102539062,30462.274291992188,91.6890299164902,29.466893206133506,23.676907328711533,5.7899858774219695,12.998403263906704,3.178648726465706
Elgeyo-Marakwet,2022,437916.696105957,60063.111328125,242463.47314453125,13837.87139892578,100.55186404666745,30.479223022182307,24.77202464732561,5.707198374856693,13.715647716156573,3.1599323620165447
Embu,2022,668935.8426513672,68965.22607421875,431074.5908203125,31738.082397460938,100.67551649214126,23.360993808530107,15.998443782775857,7.362550025754248,10.309692152370092,4.744562987037016
Garissa,2022,1063146.5692749023,159094.2802734375,541954.1977539062,18009.997497558594,113.98167067369076,32.67882756605506,29.35566897217391,3.323158593881153,14.964472902541043,1.69402771151695
Homa Bay,2022,1168750.379058838,164900.2578125,616692.3798828125,38092.81948852539,91.65735108831132,32.91642379943131,26.73946738953306,6.17695640989824,14.109108391929642,3.259277615738655
Isiolo,2022,394699.7279815674,61280.7734375,208889.96362304688,8782.531936645508,110.1833086836601,33.54077149468918,29.336389539558937,4.204381955130241,15.525922389376928,2.225117301589743
Kajiado,2022,1476374.0530548096,208680.888671875,899743.68359375,23045.80891418457,100.61905774064506,25.754745691628354,23.193370787373937,2.561374904254416,14.134689528042513,1.5609735802725466
Kakamega,2022,1631203.3630981443,202631.59765625,896069.61328125,56119.11309814453,92.57407591148448,28.876184050801,22.61337675699643,6.2628072938045705,12.422215539783576,3.4403505024387333
Kericho,2022,957724.6194763184,119249.5703125,559766.8203125,26117.69369506836,100.732762556477,25.96925339848018,21.303436714224464,4.66581668425572,12.45134226346874,2.7270567304983198
Kiambu,2022,2939371.133728028,345169.5703125,1977692.912109375,71107.67474365234,97.73014326332616,21.04862906203966,17.45314291207869,3.595486149960969,11.742973398351324,2.419145848161948
Kilifi,2022,1641175.3186340332,231584.451171875,912090.1083984376,47044.2434387207,94.65751115333468,30.5483736798601,25.390523265132224,5.157850414727871,14.110890441895329,2.86649713193811
Kirinyaga,2022,916813.0349121094,86960.8505859375,614756.107421875,45612.28002929688,98.36251314403492,21.565158770233477,14.145585466507743,7.419573303725723,9.48512371383049,4.975090699236133
Kisii,2022,1289735.7019958496,149768.908203125,734340.22265625,43663.94613647461,92.1370040729294,26.3410403477445,20.395029930592937,5.946010417151563,11.6123720519917,3.385495653792107
Kisumu,2022,1282536.4592590332,160071.349609375,749403.53125,37588.5549621582,95.30746825206602,26.375630261821403,21.35983391249533,5.015796349326076,12.480842041859292,2.930798161003114
Kitui,2022,1174615.4018554688,133998.7177734375,665574.115234375,54983.96728515625,93.67260093922783,28.39393551115573,20.132801848258666,8.261133662897064,11.407880193105576,4.681018757143947
Kwale,2022,997802.5056304932,153532.72265625,528901.9306640625,28534.571060180664,96.72261381450411,34.423639461447266,29.028580490050786,5.395058971396474,15.387085298932526,2.85974137158036
Laikipia,2022,579367.0386962891,75376.86767578125,341744.72900390625,21004.20373535156,100.80823803271268,28.202650467223783,22.056482888700145,6.146167578523641,13.010209874106192,3.6253708499910378
Lamu,2022,171140.07635498047,22845.77392578125,100318.9990234375,5023.161804199219,112.79159975517142,27.78031679071026,22.77312787026892,5.00718892044134,13.349166608056384,2.9351171924103423
Machakos,2022,1648248.2909545898,176796.40625,1061463.00390625,61934.96673583984,101.3359552555364,22.490786029027248,16.65591787932111,5.834868149706142,10.72632122358262,3.757623598078779
Makueni,2022,1024344.6215820312,102696.107421875,620790.9248046875,51372.12841796875,98.90488021424466,24.81805543280397,16.542784908491555,8.275270524312415,10.025542699025234,5.015121604155832
Mandera,2022,954582.3293151855,180926.033203125,428401.7434082031,10305.708953857422,100.87250100092656,44.63841361513018,42.23279573134916,2.4056178837810225,18.953423675139764,1.079603994057873
Marsabit,2022,560661.2900085449,85112.2763671875,290257.5573730469,12636.069549560549,113.67578754618656,33.67641717976674,29.323018197179582,4.353398982587154,15.180694277268604,2.253779559021805
Meru,2022,1613930.7762451172,181831.2109375,991611.2578125,66771.65905761719,99.34629128635764,25.0705977807812,18.336944997843275,6.733652782937927,11.266357492763012,4.137207124395042
Migori,2022,1259232.4581298828,186816.830078125,657559.2216796875,30576.671997070312,93.03469639916742,33.060672698023964,28.41064712025708,4.650025577766884,14.83576990665975,2.428199162089618
Mombasa,2022,1379839.4620819092,171127.70703125,920985.5766601562,19373.20964050293,103.6793149290953,20.684462547457223,18.580932358552683,2.103530188904537,12.402001227958186,1.4040191031551257
Murang'a,2022,1074071.567199707,115306.5234375,662091.0625,67216.78594970703,98.84925369612702,27.567704765265127,17.41550822361388,10.152196541651252,10.735459997151246,6.258129160327089
Nairobi,2022,5403257.039672852,656913.84375,3733119.091796875,53284.94787597656,100.89374895797928,19.024273647914463,17.59691634787374,1.427357300040721,12.157738173969488,0.9861634840752048
Nakuru,2022,2498099.3149414062,321458.93359375,1509555.72265625,62855.48681640625,100.1674400699728,25.45877668787923,21.294936567701075,4.163840120178157,12.868140656821325,2.516132422776816
Nandi,2022,951627.3676757812,116060.658203125,555854.513671875,28689.00830078125,99.70709314780424,26.04092670719105,20.87968260551653,5.161244101674523,12.196019381681632,3.014731319765445
Narok,2022,1396488.1011657715,229202.662109375,701813.2958984375,25890.877532958984,100.4174611127639,36.347778124632406,32.65863776717959,3.6891403574528128,16.412790192629593,1.8539991505366635
Nyamira,2022,592736.7899780273,65239.43115234375,341373.9931640625,22033.935974121094,92.73792438565484,25.565323918662347,19.11083810095341,6.454485817708938,11.00647576722244,3.7173221481558265
Nyandarua,2022,643877.9651794434,72184.49072265625,391542.11328125,26494.66195678711,97.6992197545039,25.202691953741585,18.43594552773054,6.766746426011047,11.210896260837105,4.114857688817363
Nyeri,2022,759907.107421875,75167.826171875,493343.740234375,43948.322265625,97.8581423337545,24.14465589061918,15.23640010840407,8.90825578221511,9.891712478765426,5.783380868054753
Samburu,2022,363533.83238220215,60742.99169921875,179637.10766601562,8031.240829467773,102.6983699299731,38.28509232989475,33.814278401850665,4.470813928044084,16.709034012371223,2.209214140219035
Siaya,2022,1082969.0964355469,136432.189453125,590888.5712890625,48300.382568359375,90.98421598909154,31.26352090690772,23.08932615763564,8.174194749272083,12.597976239781351,4.459996386538993
Taita Taveta,2022,371740.1808776856,43406.96044921875,230508.83447265625,15769.411346435549,104.31779952526344,25.672062387992334,18.830931382097564,6.841131005894773,11.676693207264844,4.242051883980815
Tana River,2022,681531.1124572754,114308.0078125,342047.18603515625,14666.48110961914,104.7392870641916,37.70663644894389,33.418783278851826,4.287853170092062,16.77223617867715,2.1519899593048395
Tharaka-Nithi,2022,338481.20848083496,35958.26513671875,207375.5634765625,17608.58299255371,97.59543790114635,25.830839097551895,17.339682908580855,8.491156188971043,10.623415491248675,5.202233551334865
Trans Nzoia,2022,1067240.2082519531,143016.2978515625,591585.2294921875,27571.876220703125,97.99324903925655,28.835773032855688,24.175096118327136,4.660676914528549,13.400572499588522,2.5834742738809915
Turkana,2022,1011045.0737457277,146412.208984375,542638.9487304688,18971.42384338379,107.2891315306457,30.47765613114985,26.981514933071757,3.4961411980780945,14.481274157436516,1.876417217790134
Uasin Gishu,2022,1327952.84664917,162953.306640625,818295.294921875,29491.91696166992,100.41747011279368,23.517821108902773,19.91375334208449,3.604067766818285,12.271016026796875,2.22085573566012
Vihiga,2022,577462.8563232422,65328.8876953125,321049.08154296875,32235.738647460938,92.5364215787941,30.38931800517097,20.348567073090653,10.040750932080318,11.313089141571355,5.5823051291487
Wajir,2022,851609.1088562012,136498.8984375,421249.9653320313,9442.698211669922,114.00393596316856,34.64489226346596,32.40330199906626,2.2415902643996994,16.028351155242117,1.1088066242448298
West Pokot,2022,728332.4037704468,134006.404296875,348563.6142578125,16135.088340759276,98.76930401547276,43.074344680906144,38.445322120672685,4.629022560233461,18.39907212738961,2.215346764366216
Baringo,2023,708671.0281982422,102428.84375,381122.447265625,20659.897338867188,102.20573448508524,32.29637665584151,26.87557358137233,5.420803074469182,14.453651930772422,2.915301531571548
Bomet,2023,967224.9909362792,123678.58984375,550774.0546875,26414.467498779297,99.21065379936472,27.251294076967657,22.45541321185203,4.795880865115628,12.7869514335055,2.730953784931668
Bungoma,2023,2140044.1514282227,280846.3046875,1169469.087890625,59689.586975097656,94.85042117896712,29.118845054453157,24.014854911134364,5.10399014331879,13.123388342248395,2.789175491321617
Busia,2023,977677.4700927734,125518.775390625,542687.7333984375,31603.281616210938,91.64496855870723,28.95257204781484,23.129097575984822,5.823474471830014,12.838464547895772,3.232485413948636
Elgeyo-Marakwet,2023,446712.42641448975,60517.20751953125,250010.109375,14356.836082458496,100.57307050694692,29.948406402112017,24.20590418156216,5.742502220549855,13.547240672319989,3.213887779592964
Embu,2023,682395.7334594727,69256.3046875,443356.1806640625,32743.45513916016,100.65562489011867,23.006278986318424,15.620917832648084,7.385361153670339,10.148994387230166,4.798308889354272
Garissa,2023,1084120.0549926758,160536.123046875,559724.4619140625,18467.56378173828,114.01038050066389,31.980679603761303,28.68127694435534,3.29940265940596,14.807965437735543,1.703461133911322
Homa Bay,2023,1192303.9989013672,166261.474609375,636359.9453125,39554.90710449219,91.57729698657674,32.34276186456017,26.126954695070925,6.215807169489241,13.944553969673375,3.317518614459025
Isiolo,2023,402687.4026184082,61825.80419921875,215605.0061035156,9098.486846923828,110.25129461121789,32.89547507634894,28.67549567449985,4.219979401849088,15.353299804564704,2.259441638293729
Kajiado,2023,1506087.246444702,210191.06640625,926407.623046875,23925.16636657715,100.57746886628983,25.271406122807903,22.68883169537721,2.582574427430696,13.956101607156624,1.5885644356298312
Kakamega,2023,1664063.8192138672,204127.62890625,924218.96875,58279.99499511719,92.53220101051348,28.39236509679862,22.08650068958564,6.305864407212989,12.266814923161029,3.502269223223041
Kericho,2023,977023.9124450684,120097.421875,576785.3291015625,27071.43881225586,100.73957776613835,25.515361307212064,20.821857945324545,4.693503361887524,12.292168118428965,2.770806166300245
Kiambu,2023,2998741.6544189453,346830.625,2033318.837890625,73541.36340332031,97.65656306969682,20.67417960084491,17.057365452818203,3.616814148026705,11.565872121358318,2.452407438798529
Kilifi,2023,1674273.1333618164,233328.87109375,940535.685546875,48936.350158691406,94.60530612189156,30.01111234693005,24.808082742557588,5.203029604372463,13.936129442944766,2.922841511553784
Kirinyaga,2023,935287.5616455078,87236.3251953125,631901.896484375,47006.18762207031,98.33237972532432,21.24420160221852,13.805358977502229,7.438842624716292,9.32721964588435,5.025854031392173
Kisii,2023,1315724.603302002,150810.52734375,756976.478515625,45297.91775512695,92.07715137697038,25.90680829124719,19.922749467655628,5.984058823591563,11.462165179952482,3.442811485127302
Kisumu,2023,1308336.7494506836,161175.72265625,772059.8896484375,39031.551208496094,95.259469553547,25.9315729970005,20.8760647738924,5.055508223108101,12.319131349319738,2.983295487563414
Kitui,2023,1198272.8204345703,134877.3671875,686027.7177734375,56802.19641113281,93.6209576305581,27.940498413204857,19.660629402155383,8.279869011049476,11.255981516678718,4.740339215115695
Kwale,2023,1017884.474472046,154802.3798828125,545719.8408203125,29702.3787689209,96.6796992456146,33.80942836426662,28.36663949218292,5.442788872083709,15.208246492128202,2.9180500846451034
Laikipia,2023,591064.6624298096,75859.62451171875,352043.9936523437,21767.69660949707,100.78202675141236,27.731568463464924,21.54833653734564,6.183231926119285,12.834403633583369,3.682794454334688
Lamu,2023,174584.3643875122,22995.97900390625,103361.6904296875,5221.149055480957,112.8639337630692,27.299406522943915,22.248067836651163,5.051338686292752,13.17184335755506,2.9906166418728954
Machakos,2023,1681500.0966796875,177655.859375,1091950.287109375,63965.6767578125,101.29738760975782,22.127521645004204,16.269592258205538,5.857929386798667,10.565319605143149,3.804084036873978
Makueni,2023,1045043.7503662108,103238.7470703125,639186.12109375,53059.32751464844,98.8766213024076,24.452670267231376,16.151593982305883,8.301076284925495,9.87889234629028,5.077235043609901
Mandera,2023,973605.6399536132,182962.162109375,443057.6477050781,10676.986389160156,101.00578912678012,43.70518136895614,41.29534002111707,2.4098413478390754,18.792224962675043,1.0966438515772006
Marsabit,2023,571970.585357666,85909.294921875,299671.89697265625,13056.741119384766,113.77470432762856,33.024797133476284,28.66778493070168,4.357012202774602,15.01987988912996,2.282764438178249
Meru,2023,1646443.793334961,182828.947265625,1020729.775390625,69020.54724121094,99.32225015351894,24.673473879064144,17.9115914587343,6.76188242032984,11.10447547652356,4.1920986018846165
Migori,2023,1284679.2266540527,188479.8828125,678735.0009765625,31770.545989990234,92.98049704064456,32.450135691484064,27.769288830149545,4.680846861334518,14.671357557745829,2.4730333713526784
Mombasa,2023,1407568.9769210815,172064.197265625,947008.97265625,20157.166374206543,103.66097577467217,20.297734149305157,18.169225660344583,2.128508488960568,12.22421068429616,1.432055316983354
Murang'a,2023,1095685.2681884766,115786.693359375,681318.41796875,69371.46154785156,98.82553801007364,27.176449369921365,16.99450511033826,10.181944259583103,10.567513931332488,6.33133104568843
Nairobi,2023,5511816.586151123,660393.9140625,3836332.5546875,55408.17990112305,100.82870894154038,18.65849958938012,17.214198838304164,1.444300751075958,11.981420349178384,1.0052616779800057
Nakuru,2023,2548436.143798828,323534.40625,1554728.283203125,65187.735595703125,100.14698451555456,25.00257736643469,20.80970737751288,4.192869988921811,12.695409576467677,2.557950520138636
Nandi,2023,970827.937072754,116852.5869140625,572785.396484375,29752.613830566406,99.71130403781594,25.5951359173013,20.40076224555947,5.194373671741826,12.036384868197873,3.06466395273674
Narok,2023,1424559.4241638184,231402.158203125,724852.1943359375,26913.13412475586,100.41427669072333,35.63696079647418,31.924047414262247,3.7129133822119313,16.24377012836459,1.8892250943166664
Nyamira,2023,604670.7407531738,65664.5361328125,351833.453125,22842.005401611328,92.68888290447558,25.155806177128664,18.6635283113579,6.492277865770762,10.85955243196011,3.777593963478285
Nyandarua,2023,656830.861907959,72562.40625,403204.2543945313,27391.72470092773,97.65265178914866,24.78994947635737,17.99643864347682,6.793510832880551,11.047350308604727,4.1702858817200505
Nyeri,2023,775208.8737487793,75424.671875,507307.8349609375,45299.8981628418,97.81880940800866,23.797103399189083,14.867633944744352,8.92946945444473,9.729593459148502,5.843573222243849
Samburu,2023,370777.847984314,61318.23828125,185541.923828125,8331.428062438965,102.71769871854475,37.538506072734414,33.0481850226214,4.490321050113021,16.5377296984161,2.247013436140185
Siaya,2023,1104797.6292419434,137413.7353515625,609335.142578125,50079.92318725586,90.88412407821092,30.77020270741715,22.551421336074377,8.218781371342772,12.43791004926838,4.532949914240691
Taita Taveta,2023,379218.9174804688,43623.837890625,237236.9111328125,16320.53955078125,104.34164361492977,25.26772800875305,18.38830124803093,6.879426760722117,11.50360276867564,4.3037250512751175
Tana River,2023,695719.6197662354,115447.322265625,353585.83251953125,15233.261856079102,104.73218359060256,36.958659568037305,32.65043778563949,4.308221782397815,16.593943736187256,2.189569105611473
Tharaka-Nithi,2023,345328.39825439453,36140.59790039063,213466.39306640625,18181.295959472656,97.5778676926262,25.447515685977105,16.930345513051236,8.517170172925873,10.465573663526731,5.264929282207183
Trans Nzoia,2023,1088760.802307129,144116.015625,610193.923828125,28640.331604003903,97.98194414388598,28.311712143116107,23.6180679612263,4.693644181889806,13.236701332341523,2.630543967353882
Turkana,2023,1031460.3400726318,147692.498046875,559978.8754882812,19742.630599975582,107.3138464464576,29.900258023278685,26.37465527928933,3.525602743989357,14.31877623491321,1.914046506003845
Uasin Gishu,2023,1354692.5507202148,163983.09765625,842557.197265625,30590.630798339844,100.40891045895717,23.093236766126445,19.46254784701016,3.630688919116292,12.104820209505789,2.258123496883223
Vihiga,2023,589112.3542480469,65731.37353515625,330978.6064453125,33388.018798828125,92.50789221348236,29.94737134176733,19.859704601788824,10.0876667399785,11.15769734943972,5.66751292144351
Wajir,2023,868826.1206054688,137907.4892578125,435292.09375,9802.77978515625,114.11600738658667,33.933597959581306,31.681597538276563,2.252000421304746,15.872852575116797,1.1282786685009971
West Pokot,2023,742968.2863311768,135350.1533203125,360145.44775390625,16814.134475708008,98.75934348290752,42.25078749294564,37.58208084107165,4.668706651873996,18.21748731546536,2.2631025825795663
Baringo,2024,722782.3671875,103447.3984375,393096.4340820313,21492.98779296875,102.20471334358734,31.78364782734107,26.316035829496386,5.467611997844681,14.312385461205404,2.9736458398400805
Bomet,2024,986489.1272277832,124827.8671875,567672.8217773438,27451.875762939453,99.20635102352094,26.825265735580277,21.989403473055606,4.835862262524663,12.653749924065496,2.782785436275846
Bungoma,2024,2182657.462890625,283550.763671875,1206228.20703125,62199.3359375,94.82094908900648,28.663738552452667,23.50722375907173,5.156514793380933,12.991079383402267,2.849706699058755
Busia,2024,997173.1892089844,126679.3955078125,559555.83203125,32891.719482421875,91.59550274824176,28.51746078867116,22.63927712949612,5.87818365917504,12.703850933688054,3.298496172817632
Elgeyo-Marakwet,2024,455603.2741241455,61069.5380859375,257694.87353515625,14941.671096801758,100.59545597908088,29.49659344789773,23.69839075498956,5.79820269290818,13.404104306172504,3.279535496211197
Embu,2024,695969.6859436035,69655.3583984375,455772.5888671875,33888.53164672852,100.6330826339234,22.71832325470077,15.282919618216692,7.435403636484085,10.008389705077166,4.869253982058438
Garissa,2024,1105246.6171875,162240.6201171875,577838.5322265625,19020.30859375,114.0199838159226,31.3687853270172,28.07715496092517,3.291630366092028,14.679132927820046,1.7209108173658667
Homa Bay,2024,1216051.8852844238,167902.759765625,656394.2958984375,41199.47024536133,91.49043191301092,31.856192431529035,25.579558020961876,6.276634410567156,13.807203606806135,3.38796976871798
Isiolo,2024,410750.40773010254,62468.69775390625,222439.94775390625,9456.90284729004,110.31554282672444,32.334839729763964,28.083398860989544,4.251440868774421,15.208432317601842,2.302347768697534
Kajiado,2024,1536042.5103759766,211998.18359375,953452.7978515624,24904.021118164062,100.5495297445715,24.84676800421912,22.234785410609785,2.61198259360934,13.801583104744886,1.6213106701108366
Kakamega,2024,1697184.330505371,205971.435546875,952866.41015625,60708.719177246094,92.48485826164902,27.987150337306065,21.615982403357048,6.371167933949014,12.136067476273649,3.5770256704626093
Kericho,2024,996479.5606994628,121139.50390625,594114.1640625,28142.96694946289,100.74906848177804,25.12689982594129,20.38993702454572,4.736962801395573,12.15674748222814,2.8242392578236517
Kiambu,2024,3058617.713012696,348981.61328125,2089564.54296875,76276.22863769531,97.59461210418776,20.35150545360805,16.701164577832767,3.6503408757752855,11.409782000428816,2.493813735308696
Kilifi,2024,1707641.043395996,235438.625,969454.7041015624,51042.3471069336,94.55491616114814,29.55073309716192,24.285675648785634,5.265057448376285,13.78736040050793,2.989056002391777
Kirinyaga,2024,953910.6316223145,87646.53515625,649183.4169921875,48594.98025512695,98.29378125818036,20.9865982163584,13.501043443521104,7.485554772837298,9.188128557408954,5.094290664575311
Kisii,2024,1341920.890045166,152108.8310546875,780050.6953125,47132.61367797852,92.01193733899376,25.54211488175738,19.499864812472275,6.04225006928511,11.335156355570843,3.5123243126792767
Kisumu,2024,1334341.856994629,162545.662109375,795116.7734375,40646.78863525391,95.21239030022345,25.555045187409924,20.442992468470656,5.112052718939268,12.181710500746831,3.0462050202639728
Kitui,2024,1222122.787475586,135983.4892578125,706829.673828125,58891.36657714844,93.5603263390993,27.57027089419386,19.23850883641293,8.331762057780931,11.126827079192235,4.818776573080215
Kwale,2024,1038126.191757202,156308.8955078125,562808.17578125,30997.76109313965,96.6364471752888,33.28072772591593,27.773032133166097,5.507695592749835,15.056829964306512,2.9859338237744253
Laikipia,2024,602858.0744934082,76459.08203125,362477.06884765625,22628.271270751957,100.75240739832742,27.336171531349173,21.093494900055216,6.24267663129396,12.6827665193835,3.753498912620001
Lamu,2024,178058.17293548584,23180.974853515625,106451.77734375,5440.831871032715,112.94383664322127,26.88711023783464,21.77603364823164,5.111076589602998,13.01876486282636,3.055648489105884
Machakos,2024,1715018.3729858398,178784.798828125,1122824.716796875,66267.69329833984,101.26113406682492,21.82464354948789,15.922770148679238,5.901873400808652,10.424657930448957,3.8639640450596495
Makueni,2024,1065914.5974731443,103951.96484375,657874.296875,54980.15606689453,98.84222075925116,24.158432950731708,15.801189579458748,8.35724337127296,9.752372759522984,5.158026374460993
Mandera,2024,992835.5432128906,185307.900390625,458035.9868164063,11102.999755859377,101.11817533272882,42.88110668151745,40.457061393497376,2.424045288020081,18.66451112245183,1.1183120741154402
Marsabit,2024,583360.0192260742,86838.66796875,309259.8913574219,13540.077087402344,113.8706854701448,32.45773146189892,28.07951189130688,4.378219570592046,14.885947803546118,2.321049890488818
Meru,2024,1679219.3192138672,184118.279296875,1050239.875,71567.68054199219,99.2961209091112,24.345482010847014,17.531069204249647,6.814412806597368,10.96451649824221,4.261961479546153
Migori,2024,1310342.1688232422,190455.69921875,700334.0712890625,33111.13269042969,92.9241260245198,31.922883817100857,27.194978371991773,4.727905445109079,14.534806537577088,2.5269073588744586
Mombasa,2024,1435512.9283218384,173237.291015625,973363.4326171876,21014.07187652588,103.6585985804284,19.956714664105085,17.797801438854464,2.158913225250621,12.067971496303072,1.463872004349833
Murang'a,2024,1117470.3916625977,116436.7275390625,700678.13671875,71822.87896728516,98.79019290740273,26.86820048188752,16.617719525876947,10.250480956010568,10.419670034015423,6.427273554910521
Nairobi,2024,5621246.280914307,664766.890625,3940833.123046875,57726.68911743164,100.78525340314964,18.33352383071304,16.868689179891792,1.4648346508212446,11.825969854444349,1.0269375549943398
Nakuru,2024,2599183.2446899414,326115.42578125,1600593.515625,67805.3345336914,100.12861599642808,24.610918166885316,20.374656188327016,4.236261978558296,12.546842414727577,2.608716975696724
Nandi,2024,990197.7023620604,117837.48828125,590016.9912109375,30953.808807373047,99.714201145041,25.218137664687784,19.971880477442355,5.246257187245431,11.900400091835737,3.1260230894834926
Narok,2024,1452861.5500793457,233960.44921875,748313.7431640625,28060.115509033203,100.41021566677462,35.01480055944089,31.265021036431214,3.749779523009672,16.10342356475554,1.9313688566884264
Nyamira,2024,616706.4734649658,66203.52685546875,362499.9814453125,23752.85188293457,92.63196068395294,24.815554025614293,18.263042825963936,6.5525111996503576,10.735014095685454,3.851565194293997
Nyandarua,2024,669887.3236999512,73056.9873046875,415017.80859375,28417.519989013672,97.59580864019765,24.45063927197204,17.60333792716858,6.847301344803455,10.905862033808305,4.242134308805364
Nyeri,2024,790632.4530639648,75792.5361328125,521354.8076171875,46849.00384521485,97.77064094626566,23.52362310391865,14.53761143571621,8.986011668202439,9.586317363914308,5.92550984514477
Samburu,2024,378078.9527282715,61986.8310546875,191553.28662109372,8671.241302490234,102.73457867289252,36.88690160505808,32.36009788613126,4.526803718926827,16.395208092749336,2.29350013797841
Siaya,2024,1126803.98727417,138621.8173828125,628080.0107421875,52087.90133666992,90.77530930461248,30.36392107020333,22.070725864847432,8.2931952053559,12.302212181388343,4.622623093717903
Taita Taveta,2024,386760.3503341675,43906.97998046875,244047.2939453125,16939.86742401123,104.36264217391906,24.932399954459196,17.991176739008495,6.941223215450695,11.35250289812086,4.379939000824386
Tana River,2024,710044.5636749268,116763.7138671875,365334.7822265625,15870.516799926758,104.72404239455938,36.30484616295338,31.960743829416288,4.3441023335370925,16.444561347369792,2.235143765876731
Tharaka-Nithi,2024,352232.3918457031,36379.39721679688,219629.96630859372,18833.5634765625,97.5547686698425,25.13908353279157,16.563949732470277,8.575133800321296,10.328237282825771,5.346914114819009
Trans Nzoia,2024,1110456.0838165283,145454.982421875,629141.931640625,29838.60725402832,97.96766311672808,27.862328174309887,23.11958162485997,4.742746549449921,13.098670405943524,2.68705873999771
Turkana,2024,1052043.4074249268,149206.1533203125,577671.4013671875,20603.46211242676,107.3345725636755,29.395537849172925,25.82889735707585,3.5666404920970805,14.182509226071051,1.958423194995118
Uasin Gishu,2024,1381648.5072937012,165270.13671875,867218.51171875,31824.77291870117,100.40793223380312,22.727248896800717,19.0574964078199,3.6697524889808095,11.96180764111071,2.3033914016986725
Vihiga,2024,600858.7156677246,66242.48779296875,341049.5205078125,34691.99642944336,92.47129069830788,29.5952576247941,19.423128844848005,10.172128779946096,11.024636252360017,5.77373607552496
Wajir,2024,886183.330871582,139547.228515625,449645.1311035156,10210.877502441406,114.2077180132583,33.30584402204717,31.034969326399526,2.270874695647643,15.746993162055649,1.1522308247886777
West Pokot,2024,757700.9742431641,136892.322265625,371913.75537109375,17566.076293945312,98.74934472655391,41.53070337649987,36.80754483765584,4.723158538844031,18.066800349882225,2.318338881838094
Baringo,2025,736961.2050628662,104860.107421875,405062.921875,22318.66014099121,102.19100539401194,31.397286864511585,25.887362619241216,5.509924245270372,14.22871471408457,3.028471510801892
Bomet,2025,1005857.5198669434,126458.4033203125,584601.265625,28483.66342163086,99.18884119973566,26.503888351369557,21.63156509507642,4.872323256293132,12.572198429956623,2.8317791395941176
Bungoma,2025,2225506.829467773,287364.236328125,1243020.375,64711.65563964844,94.7764057171892,28.324225334421687,23.118224134348964,5.206001200072722,12.912305301567988,2.9077266707433167
Busia,2025,1016777.5738525392,128334.724609375,576434.7236328125,34180.23498535156,91.53310736836492,28.193124551991456,22.263531211406324,5.929593340585133,12.621710776243685,3.361623610151402
Elgeyo-Marakwet,2025,464526.618057251,61852.61083984375,265370.8232421875,15523.783584594728,100.60647262517826,29.1578378810024,23.30799222165984,5.849845659342561,13.31519194713201,3.341850172013498
Embu,2025,709616.7106933594,70324.02099609375,468206.5859375,35016.511962890625,100.59444039521128,22.498729433303204,15.019870097572948,7.478859335730256,9.910141621014091,4.934566990210298
Garissa,2025,1126531.389465332,164576.4326171875,595988.88671875,19550.60137939453,114.00257695571116,30.894373720675173,27.614010308694212,3.2803634119809613,14.609129772699706,1.735468852640984
Homa Bay,2025,1239910.0314331057,170192.2578125,676428.3525390625,42838.73358154297,91.39088051686537,31.493504167056752,25.160426403426328,6.333077763630422,13.726177988558524,3.4549872567793773
Isiolo,2025,418852.9956359863,63345.86669921875,229263.83154296875,9810.063018798828,110.36056075409203,31.909058321877804,27.630117787395715,4.278940534482091,15.12365134288568,2.342125547867511
Kajiado,2025,1566157.910308838,214555.765625,980482.2470703124,25868.08511352539,100.51616279546808,24.52097949319465,21.88267725051566,2.638302242678988,13.699497618518604,1.6516907358610056
Kakamega,2025,1730480.727478027,208629.8125,981543.125,63143.336853027344,92.42095246634466,27.68835545081398,21.25528743324446,6.4330680175695125,12.056176598051657,3.648889921186892
Kericho,2025,1016052.7362670898,122646.912109375,611486.849609375,29203.505798339844,100.7461458106794,24.832981772988035,20.05716266633097,4.7758191066570586,12.0709199170086,2.874211618742505
Kiambu,2025,3118841.6121521,352386.1640625,2145796.69140625,78972.70199584961,97.52543042427756,20.10250401568371,16.422159912622632,3.680344103061077,11.298623267352854,2.532116465553887
Kilifi,2025,1741211.8289489746,238440.67578125,998374.3984375,53140.09066772461,94.49463369147811,29.205553237874625,23.882891644098663,5.322661593775962,13.69394991562726,3.0519026912309046
Kirinyaga,2025,972635.90524292,88396.1396484375,666492.1689453125,50153.82711791992,98.23018221860704,20.787936186197832,13.262892464035936,7.5250437221619,9.088307266053498,5.156485263146212
Kisii,2025,1368254.8376464844,154005.416015625,803205.4130859375,48954.79760742188,91.93076758834896,25.26878060286821,19.173851857388748,6.094928745479463,11.25560909987554,3.577900567969365
Kisumu,2025,1360496.9682922363,164542.845703125,818205.2041015625,42256.59036254883,95.15622079535936,25.27476420695121,20.11021744646598,5.164546760485232,12.09431917438724,3.105967256626188
Kitui,2025,1246102.0512695312,137634.712890625,727682.25390625,60967.69384765625,93.48358180567698,27.29246256483093,18.91412249670678,8.37834006812415,11.045219992247224,4.8926726174266575
Kwale,2025,1058487.1991271973,158399.5390625,579884.419921875,32282.685455322266,96.57993928616368,32.882798358940555,27.315708720686168,5.567089638254387,14.9647099363235,3.0498890758378354
Laikipia,2025,614717.7884979248,77347.83056640625,372903.04296875,23484.887619018555,100.70350886663036,27.039929034281112,20.74207546031963,6.297853573961485,12.582656954731572,3.820434036308652
Lamu,2025,181556.26099395752,23453.03515625,109546.31176757812,5658.1211013793945,113.01127520450898,26.57429153744022,21.40924215322718,5.165049384213043,12.917778229102522,3.1164560618307213
Machakos,2025,1748727.380065918,180589.8046875,1153754.40625,68541.73944091797,101.21036045768516,21.59311745886717,15.652360997212876,5.94075646165429,10.326927269857965,3.919521145619296
Makueni,2025,1086895.1618652344,105079.607421875,676627.5478515625,56885.22924804688,98.79024756487313,23.937073975807657,15.529903823089272,8.407170152718384,9.667869644533754,5.2337365409213366
Mandera,2025,1012180.055114746,188344.591796875,472967.1486816406,11521.767761230469,101.20004205049786,42.25797925188198,39.82191835561328,2.436060896268696,18.60781496781452,1.1383120723441147
Marsabit,2025,594817.2682495117,88098.677734375,318853.0991210937,14013.815612792969,113.94984311175948,32.02493362261089,27.62986402742065,4.395069595190233,14.811049113224415,2.35598668041939
Meru,2025,1712177.460205078,186119.12890625,1079802.53515625,74082.42895507812,99.25474724139124,24.09714270801155,17.236404143033255,6.860738564978291,10.870317664616222,4.326796180706923
Migori,2025,1336130.362854004,193153.060546875,721936.1259765625,34447.481018066406,92.85814649764336,31.526409799352585,26.754868415207365,4.771541384145214,14.45615382426426,2.578152699448116
Mombasa,2025,1463651.0655670166,175023.994140625,999744.4384765624,21855.0860748291,103.65022731203008,19.692940779491984,17.506873497324104,2.186067282167878,11.958040974255086,1.4931896398655966
Murang'a,2025,1139372.9580688477,117536.3515625,720037.7265625,74259.97369384766,98.7305471749088,26.6369827831097,16.323637946531644,10.31334483657806,10.315880391063112,6.517617709631514
Nairobi,2025,5731233.285247803,671438.578125,4045243.373046875,59994.00595092773,100.74136984001116,18.081299853289497,16.59822453696458,1.4830753163249182,11.715429205321012,1.0467905067719427
Nakuru,2025,2650202.35736084,329916.58203125,1646462.998046875,70406.52728271484,100.09561264964591,24.31412730130286,20.03789835681793,4.276228944484932,12.448731739858234,2.6566472211891026
Nandi,2025,1009659.0027160645,119276.2041015625,607264.72265625,32153.845489501957,99.70110674648906,24.936414703737597,19.64154999484143,5.2948647088961645,11.81351364972727,3.184624254625126
Narok,2025,1481326.482574463,237384.380859375,771769.572265625,29200.04507446289,100.3924261393269,34.54197153060159,30.758452961873555,3.78351856872804,16.02512232460829,1.97120927884276
Nyamira,2025,628815.1891784668,67005.55859375,373218.75,24658.4743347168,92.55374095151548,24.560404033416543,17.9534277400988,6.6069762933177385,10.65584288466239,3.921418368874415
Nyandarua,2025,683014.9301757812,73836.009765625,426836.2568359375,29445.85498046875,97.5135986935614,24.197069272349108,17.298439057862243,6.898630214486867,10.810306847409985,4.31115831873405
Nyeri,2025,806144.3306884766,76452.8818359375,535406.82421875,48388.79260253906,97.69845434128383,23.31716160335496,14.279399958619376,9.037761644735586,9.483770948391332,6.002497413982093
Samburu,2025,385427.39377594,62887.18212890625,197560.0546875,9008.463600158691,102.73772261348056,36.3917927856364,31.83193192995469,4.55986085568171,16.316220160901274,2.337266044300829
Siaya,2025,1148932.3557128906,140374.6171875,646846.0283203125,54094.772705078125,90.65418071938478,30.06424734454404,21.701395856447576,8.362851488096464,12.21783131874637,4.708264367009957
Taita Taveta,2025,394342.0690155029,44356.6318359375,250860.1494140625,17551.92643737793,104.36619307413572,24.678514470279996,17.681816717219494,6.996697753060502,11.248262694030164,4.450939378899466
Tana River,2025,724397.8588562012,118503.546875,377046.46728515625,16498.192352294922,104.7020103623861,35.805066733378126,31.429427711724728,4.375639021653401,16.35890352604202,2.277504295546233
Tharaka-Nithi,2025,359172.24157714844,36760.3759765625,225804.890625,19478.383178710938,97.51406009361912,24.905908370545703,16.279707616081442,8.626200754464255,10.234748602827802,5.423131557488993
Trans Nzoia,2025,1132273.563873291,147356.4873046875,648101.556640625,31034.84024047852,97.93740320450172,27.525212016129245,22.736635299642906,4.788576716486343,13.014212466518178,2.740931275858307
Turkana,2025,1072740.5479278564,151284.0625,595377.4116210938,21460.73005676269,107.3381290809982,29.014334300391603,25.40977530338004,3.6045589970115617,14.10257706695488,2.0005517735128966
Uasin Gishu,2025,1408761.903274536,167179.484375,891908.8125,33053.66889953613,100.39723107065986,22.449957940575477,18.74401082621885,3.7059471143566185,11.86712133444316,2.346292075524328
Vihiga,2025,612673.8067016602,67020.61328125,351132.599609375,35998.43365478516,92.41699709557297,29.33907220538364,19.08698120191874,10.252091003464898,10.939036816680089,5.875627986870099
Wajir,2025,903632.9609375,141718.0625,464001.3864746094,10613.761962890623,114.26488356128442,32.83003648335572,30.542594619543223,2.287441863812496,15.683144443178625,1.1745656059158216
West Pokot,2025,772525.8591537476,138932.322265625,383652.01708984375,18312.09792327881,98.73142726946176,40.98620968597182,36.21310877484317,4.773100911128658,17.984164623021996,2.370418764148366
